[
  {
    "name": "Eclipse Bulls Club",
    "image": "eclipseBulls",
    "distributionDate": "2025-02-13",
    "eligible": "Top 200",
    "type": "NFT",
    "addresses": [
      "JDn5Ttup4ur8aeH2cs5vf6HBE2nqRgZwea9c3bbv75Dj",
      "BtGH2WkM1oNyPVgzYT51xV2gJqHhVQ4QiGwWirBUW5xN",
      "9BNu7C9f3cGS4fBS5jKvG2XASHGVVnBxR2XAW4q4ZYUE",
      "A3sjWSa4rNspqqZQFjMMbmmnbgvYDRRMiWjyaTbMyYG4",
      "6mc2eyYcWf8MnyhXPXH6Gh8tU2nLPj2Eur6FM8YJtVKW",
      "63CQPyL9xzCSy4ejNuqxxqfjRpAGVKa1KbJUvXfRSKZK",
      "6usfBWrWdKoA5BvyAqjjU4R8yKuWbP8JkofrtPk3Rupw",
      "3JGoa27LJUvtJvNkEvAzefpb4v1NuRc2yp4BRQeCPCZk",
      "GHbeKgTooFUqjp1ya48WpTkqxc58j5M53nu9nFCiNBai",
      "EfRhVZoosD7GSP1VRQSuif4wU9VboWeU31WzHFKvCZM1",
      "3pVwwLtiz2tjNBpyasHPyeQ8CoghymrqvuWfyRwLEomN",
      "G2s2wqs4gqKyt3htBpP3DdRaUFSJZF3WqNCv9JiiVq7w",
      "9G1GasggtpHCBsFAJSAYns8Ksbw74XPYSRMVLEjHmDN9",
      "mucwg3pYCJ2YghBDgGKGYafoDwYk6fQC4rqsueSGtC5",
      "BoAoCuzJWjXf8GQPoLZ39B5UzVyFDpdwSDQdPzaiBc3",
      "DWm4sU9fccXfcCxcfgj34MA67iGqwmDCiBeWPJ6EBzNB",
      "Ecn3XQBM1kpenptU4h7E8ek5KU27wEgD3dUDNY1yzFfL",
      "CJ9VRUYQhN8nsrpyZkh9pwY5yDi8vpSDgLY5XtPucgX4",
      "bD5LhCwB4dGByDh5smBX8iqCuVdYxkbGnm9QhhdyMpa",
      "7KkorSRsqhFoK4DuddiABjaC5Rbht4z9QbadVQysPFr6",
      "C45xu7SfkR1y2p9t4ZpE9bNrqSnnHCg1Ep6NCdCXEzqH",
      "8gmh6prYK2j1DDo2VXDHGM1DhKMgunbrwVKQdY7ToLkH",
      "58qdXopGg436AL9udrnk8nwcTmb4JheDzedvSqR5e6pK",
      "4WsJnHBWCfH8bdtznwT31arrK7H6iLWexD7WLaEeK8Pm",
      "J41UK3v8QX73GEu7QbvoWaJPhb18QjoLJJUTrgNWvoEM",
      "3Ce2MsdqzeksjSfqiouNZCfNZFXdF63B9bTcr2QS2TEh",
      "C54PwEA5o7igcmCYoQBZufFUDWxGaWPQc7UbVpRgXzrB",
      "5tUWqrCQBvmSeNaQpLNDg2au7QWnXN84YqPaoLrGxy6D",
      "DeTPmTBE7qhJxXmLkwBSQw5wWihCbFvtrAJPvYUP9Cdv",
      "6Jr6yXHAFwWSuZMym3T2NspPyTMRmPN6FFRv8YzJxnBP",
      "HPoBJmitPWMencdLciYRM7wBeJprTHvm3aYBodkpQr54",
      "EHurwSjaXXEUpi3T8ofoS1d6WB3zxpT3s6NAjhaYdYyy",
      "E7kW4A8AfakERvFvTbNVJ2SHET6empGk4SUppF2hgNqv",
      "74cmj6ACMgLNKKLZuUz7Ue7oMYgtTibUEzGZZMuLtUWH",
      "4XSJtL5koyECfAargJ4VVbkXotwDHYtAA7HGbqcXMa9g",
      "EzTR6Dh3ZzKNoXtfCa3AbqWeoATT6gD9zoiEK7waBGW3",
      "GViJ2Jn6n4EwgYg7TkUxVdrgdtYeoq8EuGvHHhffGaB3",
      "61UGbyKof2zY1MZDLzt3DBwSbyQgb3sf6PgRbyDXhrVm",
      "DxmneVGhb8DAbtFdw91yUGPJoiqkUhY3CLc66mRthn99",
      "EhemRGjVe8Lc5WwLwY7sKhAV7zW6VWHzEPcJmv8A7PW4",
      "CRYMeokV5gqGtKdRfeesdcu1Sa5Ce3YCdoaLsUeGPVtH",
      "DrzzVL9P2nNRBXfFBi7Yzdp9RshjLC2eNNGvUpmVoWHJ",
      "BiDyMPhCE8Mz8X8CyGjEXkYLqT4X6s8fwio9D1PyRpdD",
      "BDhr8zi2eAr5VZu7MynfAiRNdaadtfP23z7KkY2YM1PK",
      "14NfRBBhPiKcRg9MBWvgjHfuZ2QcZf4gj1iTTYXpBDo6",
      "GdWUBzQCfLg8aUcQcDvEHMLaRpjr56cLfMLy5A3LhtqJ",
      "8iNenPjmFvCwBQ6h9NQ8XBHyMMXaUqj6jWjsiEWJArru",
      "DkRTsnouHvAMBrpAvKvTmZc4cFPGMmsK7uLRjxULh5fs",
      "37mo4JWDqEQRzn9wHExRGdvAkExJL9J3jTEzeywJipmA",
      "7RZTKiisyrhM2LsxaP7bCRqof6SmC3TRqsDbZfD8CT4A",
      "6n3vYJ7wjoMcwbsyK254yDC215GHsX1q4whNpu2v226Z",
      "CnNivBzDfproQkvM14yzu2LZChA6HpmjQ5EYSRBAgBUZ",
      "HRFN3Ub119oX9wq6oMAtn67XxqytUhn6v9wXN4wEbfAq",
      "HvEDdn2kGVQQwmkT6qPWDDRJ7FwDXYawBJrHZGdFqobU",
      "EssGUXS3SdjYq2wmAUcCo5AJVd2ZmGcCJG3QUWzAEzXs",
      "Erg8yDiusGmY7kG3opHRFGJsywtciPiPsNbFmT3Sjvuy",
      "BYABYBManv3jwndghHY8tQjCaeVobGSYAMyKsvLBEXZf",
      "BYCw4kVvexD2Cting6F3Mbckt6URefxhdt5ycUPiDLwS",
      "FkkEcEj1cWZNf3DtnzUqVdKntTeHnv9imLZ25hizKfUX",
      "58Yx1W7M5uMcFhJe5Y8kfwjy7dGJ3SM6j5h2kvFZdrn7",
      "GzH4Br9mHeBK7dbH8QmB3CCdNS753ctvcX6cRZQDAEYE",
      "6nDgjJtZ4UWkr7ujSaLBqfqmkLadngU1AXZ5oNht8ihk",
      "BMkE9Jo4nRofrf5LRdR48SWz2e48AY1bgJJQB2KyWhJm",
      "9MGSJXZwta7rWkL5MwpEbvwznXY6pU7uQqcoJoK2n39",
      "D8WbYdNaRzGBpibrYyfmRQw34oMtLEhpGQNHvpBMXHZ1",
      "G1xQ78d2uc7VyCWg6MVhi66UMH7hGbVBFes6NLKfyDHQ",
      "2g2xzcMiTGysNZzv9zZcDqx7MtdRxWG1VHMVPDw3qdW9",
      "n1UdvF5XaNj7JbNeoVPEvAgwy8EKw74drXyzpdV1VWX",
      "BSzqypxWqpEaHDEP8T628inDZN7wHDKcauVE4BJfYzSx",
      "7sj5nZKkpYoxR7ySzEiogkgmFkvrK5QPUiF3xwLJF1zh",
      "3g31G8V7Wccjc9xhtjCX1Xar9HZEWwaa9hT7q9BcLna6",
      "G4LJ2YLeCDZbHTbWYKgdjJ9iw9tELq1gqatfHCpiruLc",
      "EP2cpKk5ZvrSfPFCxxNDTShxaLkzw3CRK1wxKHRruUmc",
      "3PENqxiJJmXRcnBboMGvQguemkhwjQsGXmvknD1Xw5Xh",
      "DLgSkb2Vj63vFnxfmyyp3qaYBKwDRme9HpxrkJbmsc6B",
      "BG4GMnRdy2pvkAZiqcVJ3akPEpZAwB8pfwsi4kRpkKGn",
      "9fXGSrMEQa2JNpFxnJ2ScLyxZQYiB4bjd5ynHKwJbhEW",
      "6wCArP7GvQPF1dDPakpAPfr8ubifpmEZqkCB8m1YV1ib",
      "89ocx1H5mMUsYdVjPNhdJwJrs2kJ6SdwUo4AyLzhxhkF",
      "EQcxNEw2L6zdpSYKpSABGB2msgMPDLtG8ERubFAbPamZ",
      "8g7V9ytN9M43k4QHhTTZHJYUfdrk8HfriD1wXJcSTzvb",
      "8s2hWapvAFeXnkdzRWTMP9P5ogRbi3nsSHRoU6kn9WeN",
      "5LpkVsYPvHwCem2NCo2FoJUD1WjA2MYT5CJdXR3CgsEv",
      "4yohwbfemHATENEnoVibtwB5UyXLwssMX2rb675biChT",
      "AuMgFLbo12jSi4HuLvDpd9gSP6TLVH2TxuRyoZie5Vio",
      "3EFscEc7YMsjGk8kbWt1kPSW7kUiZ8gvfDdPz8kBMPqU",
      "66ErTgpNr32u5v7hbx1Ro4T8F7hLGghoAWjPER6muU3J",
      "DFRtxWnCTrTuTLSD6fy9oW7BUZ8ti6XBCZbE4MViMBgN",
      "Ac5KRqRVDQ1qhmqXcf7yWHCLQrQiEwQD3Eb7YZNhoLvh",
      "HxgQb6Bzpw2Ft8ahCLHy8koG6bsQ4FZjag9RESvt4u6m",
      "BtwbaVDQxmUXysY6Cc2SqYHER7DsBeWadHgXgUQc13qB",
      "CSbxPRhbEUHDbR9hFR9BNvp4XKNofC1gHc3sG5UjkG9C",
      "DEJLgFesEW9t1HWxcfug6mZKL6wUxF3SDRaxje47AjHX",
      "22AdDwhCQtvKYcxurbLWTEHZLzmc6aNX7NY63xnuPpdY",
      "7LkJRXqidpQWFRRa7o1oSPBJ7DJ3cGToAMxggNJm6X1E",
      "fQLpG7HghGLNL99VEdWmY82dcPH4S5xvwU5t11AEAai",
      "Fn22zYkDLqM19a1rmfv6srKHVttBLeCx76Csiowawknx",
      "9vtRf61DPkA3CPomCVszdyjBBQFmjQnDrXix2k7qqEx4",
      "udeseBsAkEHGRVdbsqNe9YKFDqcjn7iD9G5CP3LnA5Y",
      "2MD74abyFdCUTwD8sCvUNWbUJAWoL3QiG77PMAfbrXsq",
      "2HQ53uMFvkTtTkGaCyGCj2Q8d17PzoJoDDQK3anzRC6o",
      "3nWb8T9Ja6hnwvJg1TSPo26wLKZ5CMvxE8jwyyBYMT33",
      "FSHc2MVzXLTU3LtuenZ3pvWjsLXtkApPHTouKiM2QBC4",
      "97Qhv1jG8G5M47FvkvaZCu9y4oVfgdTPHFqtpVjRZ2k2",
      "EWnqiJrUGaeN3PA1gqTZoBmX2MSPjGLoSEmjjj1N1zMx",
      "7wxz2Dx4isPAG7ntsoGbdG7NK2joduHDJj7tciqQz1G1",
      "5iE1CpSeQ37mXR42iAjyrC3SBgAR6UDAyUbWiYxhPWyP",
      "GWS2rcji2ay4D8UDdJq7ocsibbCv4iQovhyoVeTfbiYz",
      "4AS7w4syHXsRd1Vhpa8o3AB8NBEQCrRZ57upBP6aexWf",
      "HtkYVRKKcaFzXxxhV4HfbDN9x4nqLrAadfcXR3hJHWUw",
      "HroqSEKnXEUZDfXZD5V2dPYahLALPSu6m9t7tbWAr7eU",
      "D2DE2e41zcb9gW4wSq2dmprkzvyZWXxQ8k4YdktQ6STh",
      "Eeidy8K8vqJVWnbDywn91f4Ahg9MNyjX6osaaov5fUq2",
      "29gEvB9gXNxBbNMC5xcNMbjau4BVWvLfzizuD6NTUFUG",
      "BPXgwkpAiujjqBDZLC8HJ9jX9RXReaNTiJtsZyNTUkoP",
      "ANini5LrD7zm8nAGyjXnYLidfrjbzA6atLusnrqk7HYt",
      "5bgs5DVWbnpU7ZhhiHVMMdwB4fMfD444y9fFry95JuwZ",
      "q3G7Yvz5Fc3DZ68NooXvGpnzzDsExy8vxVtKfraDnDf",
      "8BnvM78XzMoiJbRJbCpd4tFNJM1TiLm3i4zk6m67Kivv",
      "36T232a4FUeah5QFa6GBhjv8L1x9sbpQpgTYfJKtTHZ9",
      "HSYxkAyWzMhviK9oDn1fXfR3VXCPYreUAf19LHyqtmNP",
      "HAr6DSUFE7u6L8nqrQFNL1H8DxJgePGyfujifibef1Qx",
      "FNM5QwMP7fPKTnJrkLTM2HkHgBd9k1AnLSkLDMSwAxXQ",
      "7GHYCsonKj6tnfsMUruLrWdzGNWd3DaFv1nJi3gC5XpP",
      "G6yHcysevofcZspip3G46KXcUE5wdHA2pgGzFbtq9vXa",
      "AL9KCbqjJRaKHP7rhUUjwfV3HQwgwfYqFucgjaRSpVPS",
      "99fBCyNTjujpuezC4s9DPRBCowhPkYNRg4SpAHMiterr",
      "6QbXj5RQWoYYY4JWenmPZhRnQbhHwwf5fSAWH32DzSW6",
      "FgBktnqsPJJ9wcy4k8aAz2bSZgczRTdeE8v7bYi2yGAk",
      "AAaAVz6Y2mHRBKVZZFsEG3sxEXmtcc4anHRV2TQe8Tvq",
      "8Xqw1VU9qwY3vrtqQoWaGziMKoGdpv2CN6VXzg8ReHvV",
      "CToGcCL299Ad5XiBuUpECDw7YLJbSiNVnLNDWhzwP2hX",
      "HBSy3h5pp92f1dm9UNDgoMwKGkAYz46eFWAPbveg2BTg",
      "74DjP9RTAB1ziNsxfjxSJsfvKUqtLx6RvQ8aYcMwGauH",
      "AfEJ9oJKYjYKiKeB1ypnjJppHNhKBC24sgjr7JQo5tuG",
      "JAFdPiAmDiApDXUJnnSLGsHfy7pWcQUnTpBes1v6hXxu",
      "BaUfiMAxuW6xiLrxEfxHRF9v1ScoqaqZhuAK44cVrWh5",
      "9eEwkxasCYkKxsU6AvEc3U8AfaoX59RYRTKiVPHeJwfs",
      "Em1XT7DHUZ2DwApS6xc6fAthtpiVij816RbsZCwdMfPc",
      "Fo8eXAo8jSvSZoTtNhdzES9zLqDjVeLYkEGYr6ULwRD1",
      "2zT6Jr1dMVBDD2nGiAsMznHrQ5CHE7b6tosk5aCtoeLD",
      "CZiaVDX4v9dFi8Uq2RRTzLoJdzfffPegVTDJYXn9LS7D",
      "814KK7QwXg9Vqhe6T4ofTmVZP5M2BGme7fdXdz2ohVVf",
      "5bsS34Qvyoht39tWibopnvLr3PYaRd1pC976Dsg6sf6G",
      "5zEaF6TWGxQuxfV1izcmppyphhbnEPqczAN9KySShQMe",
      "9TSxLpRuaSGv1g7eSzezgHaiGgfswJWAGzUSKCUVjTMk",
      "DYZgBcWXuXk6BvQmfJpPhEjvEipJc38p9Q8mQWuQQ9N5",
      "DSb2PbcC5Fz4gv8rutV6WUqxZfpyFegAX3L7pjuR4tow",
      "9NNs6R6GsZKcp6gFWb3WxYdx3GGNVno41Jm7xxEMYp4r",
      "A6bXwNS1icE5tUQ8xWkLWZ21AkMheajZuvoAyYj6D4dc",
      "5X3To2fubqEmyDjbVzaSjYRsnP8Vs93hscBUSFbHwWdR",
      "C6EcCZZcrbv6uNsXJeJvwNxwC4fz3UdE3iBSw6FWW8XL",
      "2joy5Egn8C35ubMmbraGVRMpxvJPFkFYRVEGedJJFp7L",
      "xWeFnMYb3dL6aKSKDGbv4vWAzqpMvhBrg87tJGJGQqZ",
      "HAxAhLTsjF5XKPdoWZfZUxkmpj8p15MfcASGtkt1JCFT",
      "6aT62MFLsMiTozwhgFcTvwLUJCyyjpqfxycSQuJQ5TPn",
      "9C9sGbYNikBKqvjdzaS8Sprak8k67TvckJgcXtrc3eKW",
      "7tV2rd5zeD5mnFBTZwij8Yk6kdAK1SniZRXnQyCVJo3s",
      "5MR6sCjbHu8TCM3AUGcBbrr6ZUrwqRYmtysXQUB8826F",
      "5rryuJMEEPVuRrRA3FqBfpJnBygboxgKv1JuP6jxZhod",
      "BauxDRVpM1HR4Pymtzaz8J8t33RdZvat4epX96jk9xbT",
      "DMrwSJ1f6uQKFTs39jVgbyXXEEDf2v1F1XkquTuUWBP2",
      "8nV7V2bj45jPtgYbGJxvNtz5pVnMN7omYjkiR3eDFsRb",
      "BERRfRRrqScu1Pov7MhMJNDxuvBUQqkkoHgtk2Bmcgni",
      "6BFdNpnfBh2htEdaGEE7rb5TiyJjvdcSdFi1WALATAvB",
      "D5LgJsf9M41PT1y2K3fLJ1AMBkMN7K3WpoQgWtKpL1iQ",
      "6U9sXeeLmDavpjKm2b3hAJ6ezGmF5RDvYWdkbqKnWWRi",
      "4aFCoHQuHX8p9rF9amXvPqST5jWm8E8xk37bpjnwSji1",
      "D6YXsLzLtVBkGkH87shHxpWJ8m6tnPMi5nJC67Pwx8N",
      "EZD4v7VgTxSSaaz4idFjjUFMAkjNNgvX3psWZjPkd5cJ",
      "J8Kp5ELjtrBbhWuTHyDkoXoEUE76RJWWa2Z93Fuf91CQ",
      "C95cyoDpPeBrXBCKXsfkjFMubv5XH7FzJMrYKHUci2rx",
      "4NRjHWhYhg5dGT7MhAMgThhxZz5HMqFiQLajjec2oWRT",
      "GUyRY51DYc6DvukGCHxa1pA6oCZtfWD1XuoRFRCVPc7r",
      "5p1LEo71CaUajgUfa7PXPcJS2Rbio1ePpKDFQHKZv225",
      "3rMTUVPYqFPBYKFJJY86g1QSbTmTXSMDmbb6CSNrzD7G",
      "2qxphVfAt7iezEqMY5zDAwBTC8f6Xi78fk4tzLRy8qm8",
      "H9fwgKXBNBTaoiaPqkFf7CShpaKEtrnnifWNeV6SCAYw",
      "3sUYMiZdeAxtm3og2eZ8EpAUEoLfwanpFYk2JBAk9eTM",
      "9zMoHSrefhQdwTXfwp7uTaXZ4mkSJszvJkVDSmKaxKy2",
      "GPZMorzsBJA6bB9GdchqEeKXrXwdNXPGSRFRTY3koMgR",
      "7G7FqLm9Fmcm32etNGq8guvV8g5kkA8Wk5UrKawUHrxM",
      "6hgDiiWZgc5XPfXVknZjRmXTXhGN9RePeVQ9Xpw4oLzC",
      "ejDsbS4B8pswMqxP3YgF8Bq3jZp1tbPjRU8VLrEKa8n",
      "BGetVgFjSWcaFA24rqr2cE4RWyC54CiHMxpNXAbf5f6s",
      "B2wESPP36y4b3JvepxfFWtKQefx5cTPkEG42p9opEyxL",
      "GLwKeu39trZjSzxqSap6yyxrxgyaKydmucFT5ogpqt6R",
      "93qGuJDXaAgwFzmdeGD2yjkeeW59KKpQhxqu9FH5pAEs",
      "2QxEwW2qgHWJHmEyJQVGdmrbXEt84kusixrsdNG6Webe",
      "B2KZktxTESZGNZGuVKMEepXd7Jnc2WPXM4nG3hbFeGpw",
      "9TkfEcL1eFgiTz2j2AfkynA339wvWFnP4X8FKtfxphd4",
      "6g3ijaFXhLwjh9Vvt5imRhHCLyuau8MexN1vAGcpSbUa",
      "9xLW3QEnQNb8K2Hfo4kWzSX6KPC5oQp9yCgqgQ9uMtxW",
      "63miAdxM1rnowPSZqTw4tQYJZbVAiPmMFaxmaDayo58L",
      "8rjrujBJtSvdtmWSZ2qDRQkVxZnyhSrijs3iLHqzxjHG",
      "CQmeETMuzeotHzCa66Z71CVFUuD9arzK7ePx1ZH5Un5s",
      "5PbHieLM2CTWtVaQ74XJgMfTYMzTw4cxCPaRVc9nimCh",
      "51WWsaZdbCMaKk7fDnjjVBpfWpncFrZmvZSp9bPGBcYq",
      "7s9Kr1e3cGBG2U74QjBmRjLUr8sjonKc1Jp44TFbDChV",
      "6BaTDtrxVcu7KZuUiMuT4HaCdWiQBa4nf1k2edLVHNwv",
      "9qtsyF5Ut31vWJrq11RffCQgBXgLwxz85Ma1aCTPd1EA"
    ]
  },
  {
    "name": "January Contest",
    "image": "contest_1",
    "distributionDate": "2025-01-07",
    "eligible": "3 random contributors on X",
    "type": "USDC",
    "addresses": [
      "JDn5Ttup4ur8aeH2cs5vf6HBE2nqRgZwea9c3bbv75Dj",
      "HmHFrfMYS9irC6Zk1ZmsPMJvzC85kLLdfgMypE8USZj4",
      "EzTR6Dh3ZzKNoXtfCa3AbqWeoATT6gD9zoiEK7waBGW3",
      "2HCXJYgv8Vx45oJ3JECSShGmNdt8nEtFpggj2y81M9XM"
    ]
  },
  {
    "name": "Moon Odyssey Club NFT",
    "image": "nft_moon_odyssey",
    "distributionDate": "2025-01-26",
    "eligible": "Top 10",
    "type": "NFT",
    "addresses": [
      "JDn5Ttup4ur8aeH2cs5vf6HBE2nqRgZwea9c3bbv75Dj",
      "BtGH2WkM1oNyPVgzYT51xV2gJqHhVQ4QiGwWirBUW5xN",
      "A3sjWSa4rNspqqZQFjMMbmmnbgvYDRRMiWjyaTbMyYG4",
      "9BNu7C9f3cGS4fBS5jKvG2XASHGVVnBxR2XAW4q4ZYUE",
      "63CQPyL9xzCSy4ejNuqxxqfjRpAGVKa1KbJUvXfRSKZK",
      "6usfBWrWdKoA5BvyAqjjU4R8yKuWbP8JkofrtPk3Rupw",
      "3JGoa27LJUvtJvNkEvAzefpb4v1NuRc2yp4BRQeCPCZk",
      "G2s2wqs4gqKyt3htBpP3DdRaUFSJZF3WqNCv9JiiVq7w",
      "bD5LhCwB4dGByDh5smBX8iqCuVdYxkbGnm9QhhdyMpa",
      "8gmh6prYK2j1DDo2VXDHGM1DhKMgunbrwVKQdY7ToLkH",
      "CJ9VRUYQhN8nsrpyZkh9pwY5yDi8vpSDgLY5XtPucgX4"
    ]
  },
  {
    "name": "Celestial Mammoth",
    "image": "celestial_mammoth",
    "distributionDate": "2025-03-17",
    "eligible": "Raffle",
    "type": "NFT",
    "addresses": [
      "JDn5Ttup4ur8aeH2cs5vf6HBE2nqRgZwea9c3bbv75Dj",
      "6gQ9Ktcea1r4dczHZYPZFauNKwSWjvt9aR7upHig7kgp",
      "5zEaF6TWGxQuxfV1izcmppyphhbnEPqczAN9KySShQMe",
      "3tbGxxPvfiuKoE9ryR8B6p86dRFhnYomjBrS9zrU2Ehg",
      "FZRbJz7Hu2hq8GwMYK56tbbCtvCmkFzXa4QgWEMo5gmy",
      "A85NVyAVzDWawNmRZWTzgJBkGe29G6LWBUBJdvX2nvBb",
      "KwaPXHJ3bPjK34XTqUcjxkQDbCDMATeUijdqK6uHxYZ",
      "8RG5U5HL3jDMpgGCnnbsKNr8a3wnJPLzpHmuK7sAiVS5",
      "CToGcCL299Ad5XiBuUpECDw7YLJbSiNVnLNDWhzwP2hX",
      "AuRBP38SvU74vbSWVEcDJBmNLgAXsuLYaZNP3oSoyHpM",
      "69yLQyynv2SUBMHwNVm7FS3g7T9duo8aReiEnacymxD2"
    ]
  },
  {
    "name": "E-Lander",
    "image": "e_lander",
    "distributionDate": "2025-03-28",
    "eligible": "Raffle",
    "type": "NFT",
    "addresses": [
      "JDn5Ttup4ur8aeH2cs5vf6HBE2nqRgZwea9c3bbv75Dj",
      "GE6W6ENLJAMe5iVfVb2gBKAnS2tJAPGgBkYRuk6DTT5e",
      "2i8RN6oLY5PpveVRfq8jM1hkAWzJZ6ar6E1Zixfr9HBm",
      "Bzc5y29st4z5QHt3ANQZDry3HgGDZhFuAiRjhtHNJnKL",
      "Ck8fcYfejyH395cEFNp6jXiEkRrEg6NaFHU6R9DRMPKg",
      "6vGhnpkPiFqTKfRkEZBEM6Rr9jCkWnZgS89GngwYLScQ",
      "4B3qcFWiwXsv4eYvFRJmJLwyp9dMZtVT6c191BcKKdeH",
      "CGY7udZBaxrqMfYcQoUxVwZT7zWvAQLH9g2h8TcKFUY1",
      "5EJbQtBHYxXisv8gAVdkBAAruCYzDFmzG5WiTWefSyu6",
      "HDAngJsH4WRPWMbJBJUSbrxLbuGhydgVGAig6tbrvN7a",
      "DF3iDv6zxHDNdmPByNddneRJLSzHz9zggHBMpg4VJXUf",
      "",
      "C4Q4zQPDVeBHGPH6U26MNT28KfFjsoaJqpHP3cQUy8CQ",
      "6Mu8o18ew5fpHumjPVekpjMdVkMCG9Q8YgBVohBTuQcJ",
      "5ZeLhvBg4UKnjZNaff8gnMaFeorbbnYA7tZ4G8n9hvGZ",
      "EiGkr8zdvxkEemGPF9zfqD5Wv8REuoNvrjxrDyp1kJpo",
      "",
      "42D6daMbCwET2PiAzfKGyiczbdnPTqD9oJtZ9CTDymnJ",
      "Dpk7kBayWtRLQ1fh52r1DAavY4wvCRk9fcgrzyyycxay",
      "9Zeh6a9jFGEc2DismaMJrytV3tE8mczsfvs7KAGvMYhL",
      "GSwzYfSSLbFdPS1GzXqSiLb3pNWz2nFd54oZTPsdpDPx",
      "3C2yvtqNYC1cSxE3rRuzphnPFL2V5hcsa3vQoBPTXbQ8",
      "C27QbJnKZsn1nGn5aCFqthh6hvHNKUb1jaeFU9Hd9bC3",
      "Bm9GbnYELMkmH9s45VmUGp9h493VnzdPVumZgUw5Eak2",
      "DPdT3F4sEBhF85CdngW2Laxuq5k557L3n5UeaLjAkNWq",
      "AaA8bDFcpWwUamZamgg2zwQH4LD8WPNi2w4WuuDAgy8b",
      "2C2GXC6AWF33bs4tEJk6568mm24vP6fUWufYHpbothdS",
      "n1UdvF5XaNj7JbNeoVPEvAgwy8EKw74drXyzpdV1VWX",
      "",
      "GWvf4EooQHfrSn8vQoCYueZhBGU8nQodiuxjRnDgAyF5",
      "GnwG1yMMXwUJku2xekQv7MPaUMGdmxL7UCpFEuFMJCrY",
      "Gsg5ABK7yYCDMKTuodwmcjvC9ebphySP9m7adczeV6Fd",
      "JA6LttnFNP9kAu95aEX6Kc51Rtqomf7fKzoLSqffiF86",
      "5A8avTufTi1CLR2sx6cufwwnqAUpG2ciz3UKETYEVSFy",
      "5RxdeJUoc2YwixzwrMyF7rFqLLnauTRxKvKiRzih6VUe",
      "G6xgHW9Zs9dDqAPqRKLYHz6MVtfcJwTHasAzrj83hfY2",
      "8MwDyUGCb8HaV92L9a3qEa2NRPckwnaJPgJNHR8tkA5u",
      "",
      "",
      "Gr8n4PpCXqMxPQ2AC4kArh7ivxM1sWeAz8vVanBVXMrm",
      "HC6uWcuVpPLPD3JQiCdjtEgdtmisPiM1U6eN6MKt8bjr",
      "HjrxXgkZ18TTFia5Zw75Jk7uBadDZ5bdxoEQoiHf94PD",
      "E2PxTBc5ft7ovyTHAxiqPYKT4r84yieWwuEgwVK2bfE5",
      "",
      "HxKFxH8SzMgtKT1MziqLqvZ3kToKfrZLLa4FvnHHnDFX",
      "svRGSooGX4ku3KAtreonjj2xspYQuD1FPQKpd289FwQ",
      "6DzH6uh6cNQSvkdWFgGat7kKSW5cDMY1LYsModeu1PYy",
      "EWqouAMDf9wfUiFwxXpGx2gRnqyCC7VnnM466C3ZJycX",
      "JCEFueTXmZXYg5TdxymdTGizdVH4s6db15xCiUq6TmZX",
      "DsVXNjcGozPsfUDirWGL7y1NpPfp5NxoRkZjoYnhQ99r",
      "3sBd9gCAhfxPzGDwmtqxNFX6TfJ8Ss2Askp5WGhwSUKX",
      "gLP2k1AgwZFo1UBuYBfsAX3Wxhjfu42P1xN57NudTBB",
      "6EtmRRJCZpwC3X7nwUwoRyzy7Fqi5fhH4PN2DEW6dmr9",
      "Dm5w5ExdwmZ14LeensZ6s5owkEPGsvdR8QUCihB81EYH",
      "4enCdrKGvZRJunw2LgsULEU7Y2rGVRr8NYpxr88wLveY",
      "HVShUUbPb3BaNTmShXnz3iYu8nR2SgtaCA2UJ5H9wWjK",
      "DfBcZaprGEFYYjJoY5Gqd5XpHn32ZjnPadVFDqZqQ4bN",
      "oLXcoKdLQeHGjkZqWMEAZ839vsv5jffXdutjM3E7ebr",
      "",
      "C7a3h3nmRJnqR6sHo21emT6nV4fLroGz9KChCrFsgjAD",
      ""
    ]
  }
]
